<?xml version="1.0" encoding="UTF-8"?>
<project-private xmlns="http://www.netbeans.org/ns/project-private/1">
    <editor-bookmarks xmlns="http://www.netbeans.org/ns/editor-bookmarks/2" lastBookmarkId="0"/>
    <open-files xmlns="http://www.netbeans.org/ns/projectui-open-files/2">
        <group>
            <file>file:/C:/Users/rased/projects/4166Project/commerse-proto/src/java/store/controllers/OrderController.java</file>
            <file>file:/C:/Users/rased/projects/4166Project/commerse-proto/web/register.jsp</file>
            <file>file:/C:/Users/rased/projects/4166Project/commerse-proto/web/item.jsp</file>
            <file>file:/C:/Users/rased/projects/4166Project/commerse-proto/web/styles/main.css</file>
            <file>file:/C:/Users/rased/projects/4166Project/commerse-proto/web/admin-login.jsp</file>
        </group>
    </open-files>
</project-private>
