<?xml version="1.0" encoding="UTF-8"?>
<project-private xmlns="http://www.netbeans.org/ns/project-private/1">
    <editor-bookmarks xmlns="http://www.netbeans.org/ns/editor-bookmarks/2" lastBookmarkId="0"/>
    <open-files xmlns="http://www.netbeans.org/ns/projectui-open-files/2">
        <group>
            <file>file:/C:/Users/rased/projects/4166Project/commerse-proto/src/java/store/controllers/CatalogController.java</file>
            <file>file:/C:/Users/rased/projects/4166Project/commerse-proto/web/images/CrankBrothersClipless.jpg</file>
            <file>file:/C:/Users/rased/projects/4166Project/commerse-proto/web/item.jsp</file>
            <file>file:/C:/Users/rased/projects/4166Project/commerse-proto/web/includes/header.jsp</file>
            <file>file:/C:/Users/rased/projects/4166Project/commerse-proto/web/catalog.jsp</file>
            <file>file:/C:/Users/rased/projects/4166Project/commerse-proto/src/java/store/business/Product.java</file>
            <file>file:/C:/Users/rased/projects/4166Project/commerse-proto/src/java/data/ProductDB.java</file>
        </group>
    </open-files>
</project-private>
